iter	Logloss
0	0.6857743469
1	0.6794145113
2	0.6719861572
3	0.6655589423
4	0.6599293573
5	0.6553478819
6	0.6504616166
7	0.6451298996
8	0.6403955608
9	0.6353096159
