iter	Logloss
0	0.6899615305
1	0.6869233869
2	0.6840446442
3	0.6811806694
4	0.6783178034
5	0.6757673155
6	0.6731661132
7	0.6708438622
8	0.6686164285
9	0.6666139144
